firm_num,round,consumer_id,share,share_reason,final_choice,final_reason,decision_sequence,total_revenue
9,1,C16,True,"Yes, because the potential reduction in search costs from personalized recommendations with 9 firms outweighs the 0.048 privacy value.",1,"### Decision:  
I'll **purchase Firm 1** (choose number 1) because:  
- The firm offers a positive profit of 0.40.  
- As a rational consumer, I won't leave without buying.","C16 Search #1 (Searched:1/9, SearchCost:0.00, BestProfit:0.40@F1) → Purchase F1",0.35
9,2,C16,True,"Yes, because the potential search cost savings from personalized recommendations with 9 firms outweigh the 0.048 privacy value.",1,"### Decision:  
I'll **purchase Firm 1** (choose number 1) because:  
- It offers a positive profit of 0.35, and as a rational consumer, I won't leave without buying.  
- Further searching would incur a 0.02 cost with uncertain benefits, reducing potential revenue.","C16 Search #1 (Searched:1/9, SearchCost:0.00, BestProfit:0.35@F1) → Purchase F1",0.3
9,3,C16,True,"Yes, because the potential reduction in search costs from personalized recommendations with 9 firms outweighs the 0.048 privacy value.",1,"### Decision:  
I'll **purchase Firm 1** (choose number 1) because:  
- It offers a positive profit of 0.30.  
- As a rational consumer, I won't leave without buying.","C16 Search #1 (Searched:1/9, SearchCost:0.00, BestProfit:0.30@F1) → Purchase F1",0.25
9,4,C16,True,"Yes, because the potential reduction in search costs from personalized recommendations with 9 firms outweighs the 0.048 privacy value.",1,"### Decision:  
I'll **purchase Firm 1** (choose number 1) because:  
- It offers a positive profit of 0.25.  
- As a rational consumer, I won't leave without buying.","C16 Search #1 (Searched:1/9, SearchCost:0.00, BestProfit:0.25@F1) → Purchase F1",0.2
9,5,C16,True,"Yes, because the potential reduction in search costs from personalized recommendations with 9 firms outweighs the 0.048 privacy value.",1,"### Decision:  
I'll **purchase Firm 1** (choose number 1) because:  
- It offers a positive profit of 0.20.  
- As a rational consumer, I won't leave without buying.","C16 Search #1 (Searched:1/9, SearchCost:0.00, BestProfit:0.20@F1) → Purchase F1",0.15
9,6,C16,True,"Yes, because the potential reduction in search costs from personalized recommendations with 9 firms outweighs the 0.048 privacy value.",1,"### Decision:  
I'll **purchase Firm 1** (choose number 1) because:  
- It offers a positive profit of 0.15.  
- As a rational consumer, I won't leave without buying.","C16 Search #1 (Searched:1/9, SearchCost:0.00, BestProfit:0.15@F1) → Purchase F1",0.1
9,7,C16,True,"Yes, because the potential reduction in search costs from personalized recommendations with 9 firms outweighs the 0.048 privacy value.",1,"### Decision:  
I'll **purchase Firm 1** (choose number 1) because:  
- It offers a positive profit of 0.10.  
- As a rational consumer, I won't leave without buying.","C16 Search #1 (Searched:1/9, SearchCost:0.00, BestProfit:0.10@F1) → Purchase F1",0.05
9,8,C16,True,"Yes, because the potential reduction in search costs from personalized recommendations with 9 firms outweighs the 0.048 privacy value.",1,"### Decision:  
I'll **purchase Firm 1** (choose number 1) because:  
- It offers a positive profit of 0.05.  
- As a rational consumer, I won't leave without buying.","C16 Search #1 (Searched:1/9, SearchCost:0.00, BestProfit:0.05@F1) → Purchase F1",0.0
9,9,C16,True,"Yes, because the potential reduction in search costs from personalized recommendations with 9 firms outweighs the 0.048 privacy value.",-1,"### Decision:  
I'll **leave** (choose number -1) because:  
- The searched firm offers zero profit, resulting in negative total revenue after subtracting the privacy value.  
- Further searching incurs a 0.02 cost with uncertain benefits, unlikely to yield positive profit.","C16 Search #1 (Searched:1/9, SearchCost:0.00, BestProfit:0.00@F1) → Leave Market",-0.05
9,10,C16,True,"Yes, because the potential reduction in search costs from personalized recommendations with 9 firms outweighs the 0.048 privacy value.",1,"### Decision:  
I'll **purchase Firm 1** (choose number 1) because:  
- It offers a positive profit of 0.05.  
- As a rational consumer, I won't leave without buying.","C16 Search #1 (Searched:1/9, SearchCost:0.00, BestProfit:0.05@F1) → Purchase F1",0.0
